Term,APD_Positive,APD_Negative
mental_illness,0.16934607617723701,0.09036448255025291
anxiety,0.165505705728486,0.024623985422320752
mental_health,0.16151501641117688,0.05720919389835715
trauma,0.14936916944225462,0.05486664456388238
abuse,0.1450269703469268,0.07548591193674933
depression,0.13227298293515113,0.056929205132463245
