Term,APD_Positive,APD_Negative
anxiety,0.1693322979994783,0.02186090881668837
mental_health,0.15553246766672077,0.05950172909431881
trauma,0.1487551505739359,0.07036895651882044
mental_illness,0.14110473340654342,0.0991328032759565
depression,0.13775352141823494,0.0677554102933391
abuse,0.12762308659741695,0.08829659575260192
