Term,APD_High,APD_Low
depression,0.12454127083912786,0.14275954068657148
anxiety,0.11664495625234904,0.11877100068765187
mental_illness,0.10559578912977716,0.10444176713547844
trauma,0.10012332195076183,0.11379242750785161
mental_health,0.0883593834980936,0.07714561827544429
abuse,0.06283936366653328,0.09157073602764682
